#,Keyword,Country,Difficulty,Volume,CPC,CPS,Parent Keyword,Last Update,SERP Features,Global volume,Traffic potential,Global traffic potential,First seen,Intents,Languages,SV trend (02-2024 - 01-2026),SV Forecasting trend (02-2026 - 02-2027)
1,google academico,es,3,287000,0.05,0.03,google academico,2026-02-08 17:54:20,"Sitelinks,People also ask,Video preview",4870000,12000,154000,2015-09-01,"Informational,Branded,Non-local",Spanish,"451540, 447648, 559811, 517573, 250949, 127823, 90400, 229704, 451407, 476861, 331661, 280707, 362305, 487017, 433701, 379188, 207509, 110858, 94468, 175585, 299268, 338568, 270093, 234445","299504, 354886, 369848, 354622, 211645, 120508, 94020, 174870, 298221, 337550, 269395, 233924"
2,gemini ia,es,30,14000,0.03,,gemeni,2026-02-13 06:08:10,"Sitelinks,Video preview,Thumbnail",138000,101000,101000,2023-05-08,"Informational,Branded,Non-local",Spanish,"2924, 2965, 3137, 3939, 3832, 1849, 1810, 3382, 5032, 5255, 4919, 6408, 6533, 7466, 11056, 22777, 19737, 10975, 9820, 21909, 20040, 17990, 18616, 17137","17523, 16523, 16722, 16713, 15965, 14621, 14397, 14862, 14169, 13567, 13303, 12738"
3,google academy,es,18,14000,0.10,0.07,google academico,2026-02-10 22:02:01,"Sitelinks,Video preview",69000,12000,155000,2015-09-02,"Informational,Branded,Non-local",English,"15212, 15613, 15588, 14986, 10334, 7604, 7916, 12110, 16794, 17485, 14332, 12669, 16350, 16714, 16625, 15927, 10946, 8029, 8335, 12715, 17587, 18266, 14938, 13175","16969, 17313, 17189, 16439, 11279, 8261, 8563, 13044, 18019, 18691, 15267, 13451"
4,google workspace,es,10,12000,0.90,,google workspace,2026-02-12 18:32:32,"Sitelinks,People also ask,Video preview",670000,7100,7100,2015-11-27,"Informational,Branded,Non-local",English,"11393, 9178, 9393, 8427, 8802, 8459, 6723, 12541, 12326, 10554, 9157, 11619, 12687, 11411, 11205, 10913, 11417, 10933, 9813, 14977, 14063, 12401, 11003, 13465","14533, 13257, 13051, 12759, 13263, 12780, 11660, 16823, 15909, 14247, 12850, 15311"
5,asistente de google,es,22,6700,0.05,0.22,ok google,2026-02-11 11:48:21,"Sitelinks,People also ask,Video preview",47000,5000,28000,2015-09-25,"Informational,Branded,Non-local",Spanish,"6638, 7055, 7025, 7020, 6993, 6891, 6669, 6272, 5958, 7945, 8006, 7985, 6334, 6748, 6710, 6699, 6644, 6576, 6331, 5976, 5628, 7651, 7685, 7665","6032, 6441, 6403, 6393, 6338, 6273, 6032, 5686, 5342, 7336, 7368, 7350"
6,banco santander teléfono,es,17,6000,0.60,0.31,atencion al cliente santander,2026-02-10 07:16:19,"People also ask,Local pack",9100,18000,18000,2015-09-10,"Informational,Branded,Non-local",Spanish,"5475, 5711, 6272, 6129, 6181, 6324, 5882, 6098, 5882, 5621, 5460, 5818, 5645, 6156, 6193, 6139, 6191, 6334, 5892, 6108, 5892, 5632, 5470, 5828","5655, 6166, 6203, 6150, 6202, 6345, 5903, 6119, 5903, 5642, 5481, 5839"
7,grow barato,es,11,5700,,0.96,growbarato,2026-02-08 21:00:26,"Sitelinks,Local pack,Shopping,Thumbnail,Video preview",7800,17000,17000,2015-09-01,"Informational,Commercial,Non-branded,Non-local",Spanish,"8042, 9974, 10054, 8115, 6515, 6393, 6041, 5628, 5520, 5430, 5563, 5960, 6569, 8119, 8155, 6558, 5245, 5125, 4824, 4474, 4369, 4278, 4361, 4648","5096, 6264, 6256, 5001, 3974, 3858, 3606, 3320, 3217, 3125, 3159, 3337"
8,ia de google,es,16,5300,0.05,1.24,google bard,2026-02-10 22:38:44,"Sitelinks,People also ask,Video preview",44000,101000,101000,2015-09-05,"Informational,Branded,Non-local",Spanish,"3910, 3443, 2667, 4070, 3064, 1493, 1362, 2130, 3119, 2727, 3419, 4193, 4713, 4534, 3988, 6025, 4852, 3639, 3664, 5549, 7625, 7029, 7310, 7313","7697, 7266, 6684, 8449, 7241, 6312, 6589, 7999, 9201, 8078, 9027, 9030"
9,inteligencia,es,8,5100,0.04,0.37,inteligencia,2026-02-13 16:21:56,"Sitelinks,People also ask,Video preview",76000,1400,15000,2015-09-01,"Informational,Non-branded,Non-local",Spanish,"6945, 6299, 6276, 6173, 5587, 4889, 4964, 5272, 5553, 5621, 5410, 5476, 5805, 5779, 5573, 5469, 4917, 4205, 4303, 4605, 4904, 4970, 4773, 4840","5180, 5158, 4960, 4860, 4316, 3609, 3715, 4022, 4328, 4400, 4209, 4282"
10,extensiones de google,es,8,4000,0.02,0.24,extensiones chrome,2026-02-12 20:47:54,"Sitelinks,People also ask,Thumbnail,Video preview",22000,7500,32000,2015-09-01,"Informational,Branded,Non-local",Spanish,"3945, 3528, 3836, 2942, 2428, 1687, 1274, 3246, 5704, 5168, 3399, 4315, 5303, 4443, 3831, 4561, 2922, 1911, 1782, 3930, 6403, 5479, 3396, 4363","5332, 4812, 4751, 4126, 3290, 2457, 2094, 4966, 7676, 6520, 4113, 5148"
11,introduccion,es,5,3100,1.30,0.18,introducción,2026-02-13 18:13:38,"AI Overview,Thumbnail,People also ask,Video preview",61000,400,16000,2015-09-01,"Informational,Non-branded,Non-local",Spanish,"3656, 3457, 3343, 3772, 3010, 1814, 1722, 3030, 3705, 3837, 3018, 3469, 3610, 3414, 3303, 3728, 2976, 1794, 1703, 2998, 3667, 3799, 2988, 3436","3576, 3384, 3274, 3696, 2951, 1779, 1690, 2974, 3639, 3771, 2967, 3412"
12,desde cero,es,0,3000,0.07,0.41,desde cero,2026-02-06 05:54:29,"AI Overview,Thumbnail,Video preview,People also ask",9500,700,900,2015-09-01,"Informational,Branded,Non-local",Spanish,"3345, 3669, 3676, 3094, 2645, 2455, 2479, 2609, 2987, 3739, 3002, 3317, 3223, 3197, 3023, 2803, 2654, 2585, 2698, 2877, 3095, 3881, 3145, 3459","3366, 3340, 3166, 2946, 2797, 2728, 2841, 3020, 3238, 4024, 3288, 3602"
13,extensiones google,es,7,2600,0.03,0.23,extensiones chrome,2026-02-06 19:33:57,"Sitelinks,People also ask,Video preview",8400,7600,32000,2015-09-02,"Informational,Branded,Non-local",Spanish,"2861, 2804, 2542, 2752, 2519, 2203, 2194, 2679, 2887, 2856, 2552, 2748, 2836, 2783, 2526, 2738, 2508, 2194, 2187, 2673, 2882, 2852, 2549, 2745","2834, 2782, 2524, 2737, 2507, 2193, 2187, 2673, 2882, 2852, 2549, 2745"
14,google buscar por imagen,es,7,2500,0.07,0.18,buscar por imagen,2026-02-10 23:36:05,"People also ask,Thumbnail,Video preview",13000,21000,135000,2015-09-01,"Informational,Branded,Non-local",Spanish,"2711, 2681, 2799, 2748, 2739, 2379, 2500, 2543, 2477, 2454, 2664, 2354, 2567, 2557, 2688, 2653, 2658, 2319, 2445, 2495, 2437, 2420, 2632, 2330","2544, 2538, 2671, 2639, 2646, 2309, 2437, 2488, 2431, 2414, 2627, 2327"
15,rtve oposiciones,es,0,2500,0.45,1.23,oposiciones rtve,2026-02-11 15:05:22,"Sitelinks,People also ask,Thumbnail,Video preview",2500,13000,13000,2016-01-19,"Informational,Branded,Non-local",Spanish,"700, 1157, 3686, 2910, 2832, 2885, 2679, 2760, 2712, 2554, 2894, 2782, 2721, 2602, 2605, 2424, 2472, 2441, 2305, 2344, 2336, 2157, 2521, 2400","2353, 2232, 2245, 2064, 2120, 2091, 1961, 2003, 2000, 1826, 2194, 2077"
16,gemini advanced,es,21,2400,,,gemini advanced,2026-02-11 05:30:07,"People also ask,Video preview",46000,900,1800,2023-12-19,"Informational,Branded,Non-local",English,"5827, 1790, 1663, 3593, 3297, 1748, 2781, 2549, 3139, 2747, 3904, 4118, 3655, 3445, 4318, 4450, 1662, 1035, 765, 887, 861, 1001, 1120, 1004",
17,google extensiones,es,11,2400,0.03,0.27,extensiones chrome,2026-02-11 12:05:52,"Sitelinks,People also ask,Video preview",10000,7500,32000,2015-09-07,"Informational,Branded,Non-local",Spanish,"2594, 2209, 2472, 3102, 3202, 1959, 1460, 2209, 2973, 2594, 2274, 2415, 2392, 2363, 2285, 2324, 2165, 3254, 2235, 2387, 2524, 2540, 2222, 2363","2340, 2312, 2234, 2272, 2114, 3203, 2184, 2336, 2473, 2489, 2172, 2312"
18,inteligencia artificial google,es,28,2100,0.05,1.07,google bard,2026-02-11 03:48:11,"Sitelinks,People also ask,Video preview",15000,101000,101000,2015-09-01,"Informational,Branded,Non-local",Spanish,"3565, 2977, 3179, 2905, 2511, 1508, 997, 1389, 1776, 1703, 1966, 2247, 2145, 2190, 1544, 2085, 2297, 1676, 1219, 1824, 3152, 1724, 2806, 2578","2727, 2517, 2501, 2683, 2708, 2425, 2309, 2439, 2663, 2606, 2862, 2634"
19,domestika empleo,es,3,2000,0.10,1.02,domestika empleo,2026-01-29 10:32:32,Sitelinks,2100,2500,2900,2015-09-01,"Informational,Branded,Non-local",Spanish,"2082, 1885, 1755, 1943, 1850, 1826, 1690, 2316, 2110, 1942, 1556, 2070, 2144, 1942, 1807, 2001, 1905, 1880, 1740, 2384, 2172, 1999, 1601, 2131","2207, 1998, 1860, 2058, 1959, 1934, 1790, 2452, 2234, 2056, 1647, 2191"
20,ensure para que sirve,es,1,1900,0.40,,ensure para que sirve,2026-01-30 08:50:38,"Featured snippet,People also ask,Video preview",23000,300,4800,2015-09-17,"Informational,Branded,Non-local",Spanish,"894, 1403, 706, 1281, 1024, 823, 809, 1584, 2403, 2382, 844, 1056, 2963, 1358, 2439, 1337, 2948, 1537, 1312, 3632, 1284, 784, 2088, 2308","2645, 2672, 3073, 3078, 3029, 2286, 2497, 3357, 3623, 3284, 2843, 3118"
21,que es la inteligencia,es,4,1900,0.03,0.71,inteligencia,2026-01-21 18:38:38,"AI Overview,Thumbnail,Knowledge card,People also ask,Sitelinks,Video preview",16000,600,13000,2015-09-03,"Informational,Non-branded,Non-local",Spanish,"1611, 1839, 1660, 1982, 1131, 951, 939, 1608, 1979, 2107, 1666, 1875, 1951, 2086, 2091, 2457, 1101, 1165, 1077, 1889, 2356, 2586, 1947, 2172","2265, 2485, 2373, 2770, 1536, 1453, 1404, 2251, 2731, 2933, 2328, 2580"
22,academico google,es,18,1800,0.02,0.02,google académico,2026-01-31 08:53:18,"Sitelinks,Video preview",40000,4300,144000,2015-09-02,"Informational,Branded,Non-local",Spanish,"1707, 1956, 2058, 2416, 1599, 1079, 906, 1288, 1850, 2040, 1680, 1471, 1815, 2064, 2167, 2524, 1708, 1188, 1014, 1397, 1959, 2149, 1789, 1579","1924, 2173, 2275, 2633, 1816, 1296, 1122, 1505, 2067, 2257, 1897, 1688"
23,elementos,es,24,1800,0.06,0.23,elemental personajes,2026-02-03 11:48:10,"People also ask,Thumbnail,Video preview",60000,450,11000,2015-09-01,"Informational,Non-branded,Non-local",Spanish,"2442, 2316, 2233, 2389, 1997, 1456, 1376, 2037, 2301, 2341, 1996, 2033, 2110, 1985, 1901, 2058, 1665, 1124, 1044, 1705, 1970, 2010, 1664, 1701","1779, 1653, 1569, 1726, 1333, 792, 713, 1374, 1638, 1678, 1333, 1369"
24,elements,es,26,1700,0.20,0.44,element,2026-01-30 16:04:21,"Thumbnail,Local pack,People also ask,Video preview",278000,5400,5600,2015-09-02,"Informational,Commercial,Branded,Non-local",,"1749, 1725, 1668, 1704, 1615, 1507, 1367, 1648, 1781, 1848, 1616, 1755, 1749, 1725, 1668, 1703, 1615, 1507, 1367, 1648, 1781, 1848, 1616, 1755","1749, 1725, 1668, 1703, 1615, 1507, 1367, 1648, 1781, 1848, 1616, 1754"
25,buscar imagenes google,es,28,1500,0.06,0.14,buscar por imagen,2026-02-13 17:45:06,"People also ask,Video preview",5500,20000,144000,2015-09-01,"Informational,Navigational,Branded,Non-local",Spanish,"1519, 1524, 1659, 1624, 1628, 1304, 1507, 1513, 1411, 1570, 1534, 1490, 1508, 1515, 1650, 1617, 1623, 1301, 1504, 1511, 1410, 1568, 1533, 1489","1507, 1514, 1650, 1617, 1623, 1301, 1504, 1511, 1409, 1568, 1533, 1488"
26,maps valencia,es,14,1500,0.09,0.08,mapa valencia,2026-02-09 23:20:19,People also ask,2000,3100,3200,2015-09-01,"Informational,Navigational,Non-branded,Local",English,"1475, 1553, 1544, 1625, 1668, 1676, 1462, 1625, 1436, 1377, 1261, 1385, 1477, 1555, 1546, 1627, 1670, 1678, 1463, 1627, 1438, 1379, 1262, 1386","1478, 1556, 1547, 1627, 1671, 1679, 1464, 1627, 1438, 1379, 1262, 1386"
27,icono linkedin,es,1,1400,0.15,0.36,icono linkedin,2026-01-31 11:37:24,"Thumbnail,People also ask",3500,800,2300,2015-09-03,"Informational,Branded,Non-local",Spanish,"1516, 1674, 1158, 1466, 1418, 1137, 1036, 1439, 1412, 1303, 1210, 1438, 1519, 1677, 1160, 1468, 1420, 1139, 1037, 1441, 1414, 1305, 1212, 1441","1521, 1679, 1162, 1470, 1423, 1140, 1039, 1443, 1416, 1307, 1214, 1443"
28,correos maps,es,21,1400,,0.24,correos cerca de mi,2026-02-13 12:33:57,"Local pack,People also ask,Sitelinks,Thumbnail,Video preview",1400,3400,3400,2015-09-03,"Informational,Branded,Non-local",Spanish,"942, 764, 608, 1133, 1839, 1806, 1003, 789, 650, 1029, 1933, 1219, 1774, 2662, 2176, 1588, 1523, 1395, 1458, 1294, 525, 313, 689, 557","598, 614, 541, 531, 566, 542, 406, 429, 352, 328, 372, 284"
29,santander atención al cliente,es,12,1400,0.08,0.48,atencion al cliente santander,2026-01-28 05:26:51,People also ask,2700,18000,18000,2015-09-08,"Informational,Branded,Non-local",Spanish,"1435, 1299, 1430, 1268, 1282, 1468, 1308, 1421, 1311, 1336, 1425, 1390, 1232, 1631, 1439, 1275, 1288, 1474, 1313, 1425, 1314, 1338, 1427, 1392","1233, 1633, 1441, 1276, 1289, 1475, 1313, 1426, 1314, 1339, 1428, 1392"
30,importar certificado digital chrome,es,0,1300,0.05,0.93,importar certificado digital,2026-02-05 17:51:14,"People also ask,Video preview",1400,4500,4500,2015-09-04,"Informational,Branded,Non-local",Spanish,"1283, 1292, 1349, 1287, 1331, 1357, 1105, 1342, 1220, 1114, 1239, 1337, 1350, 1360, 1416, 1354, 1398, 1424, 1172, 1409, 1288, 1182, 1306, 1404","1418, 1427, 1484, 1421, 1465, 1492, 1239, 1476, 1355, 1249, 1373, 1472"
31,google workspace precios,es,0,1300,1.10,,google workspace precios,2026-01-23 02:49:23,"AI Overview,Thumbnail,People also ask,Video preview",4900,1400,3900,2020-10-07,"Informational,Commercial,Branded,Non-local",Spanish,"1140, 899, 908, 888, 771, 747, 636, 888, 907, 887, 770, 1154, 1400, 1454, 1181, 1428, 1149, 1425, 1152, 1437, 1458, 1434, 1332, 1633","1749, 1628, 1470, 1577, 1390, 1504, 1338, 1626, 1603, 1535, 1481, 1782"
32,vida laboral gratis,es,14,1300,0.09,1.29,vida laboral,2026-01-31 15:26:09,"People also ask,Video preview,Sitelinks",1300,1540000,1550000,2016-12-14,"Informational,Transactional,Non-branded,Non-local",Spanish,"1340, 1258, 1427, 1229, 1204, 1041, 820, 1226, 1311, 1385, 1011, 1223, 1209, 1214, 1182, 1191, 1577, 1504, 1219, 1225, 1495, 995, 1052, 1248","1069, 1111, 1045, 1079, 841, 924, 939, 1455, 888, 993, 752, 929"
33,proyecto géminis,es,4,1200,0.06,0.22,proyecto gemini,2026-02-05 12:08:18,"Thumbnail,People also ask,Video preview",4700,300,300,2015-09-30,"Informational,Non-branded,Non-local",Spanish,"275, 906, 287, 195, 509, 1064, 1109, 225, 4578, 3289, 992, 1074, 274, 905, 286, 194, 509, 1062, 1107, 225, 4571, 3284, 990, 1072","274, 904, 286, 194, 508, 1060, 1105, 225, 4564, 3279, 989, 1071"
34,master uned,es,15,1100,1.00,1.09,master uned,2026-01-29 18:34:04,"Sitelinks,People also ask,Video preview",1400,3600,3600,2015-09-01,"Informational,Branded,Non-local",Spanish,"1145, 1068, 1099, 1532, 1690, 1745, 1292, 1637, 1098, 805, 689, 976, 1052, 980, 1008, 1404, 1548, 1597, 1182, 1496, 1003, 735, 628, 890","958, 892, 917, 1276, 1406, 1449, 1072, 1356, 908, 665, 568, 804"
35,colaboracion,es,0,1000,0.02,0.24,colaboración,2026-01-23 10:04:00,"Knowledge card,People also ask,Video preview",14000,90,3600,2015-09-01,"Informational,Non-branded,Non-local",Spanish,"1004, 972, 926, 980, 978, 936, 794, 1165, 1107, 1062, 914, 937, 1009, 978, 931, 985, 984, 941, 800, 1170, 1112, 1067, 919, 942","1015, 983, 936, 990, 989, 947, 805, 1175, 1117, 1072, 925, 948"
36,compartir internet,es,0,1000,0.10,0.46,compartir internet android,2026-02-04 07:29:20,"AI Overview,Thumbnail,People also ask,Video preview",8700,1800,1800,2015-09-01,"Informational,Non-branded,Non-local",Spanish,"673, 890, 872, 883, 896, 1103, 1099, 895, 897, 703, 722, 721, 877, 1099, 1348, 929, 1061, 1140, 1310, 924, 898, 716, 860, 813","836, 928, 975, 933, 975, 1058, 1073, 919, 899, 815, 860, 813"
37,certificado digital chrome,es,0,1000,0.05,0.97,instalar certificado digital chrome,2026-01-28 19:13:28,"People also ask,Sitelinks,Video preview",1000,5600,5600,2015-09-01,"Informational,Branded,Non-local",Spanish,"1015, 1050, 1072, 966, 1060, 1016, 852, 925, 939, 895, 873, 1004, 1000, 1036, 1057, 952, 1045, 1002, 838, 911, 925, 881, 859, 990","986, 1022, 1043, 939, 1032, 988, 824, 897, 911, 867, 845, 976"
38,google maps valencia,es,16,900,0.08,0.05,mapa valencia,2026-01-29 07:43:23,"People also ask,Video preview",1300,2800,3000,2015-09-01,"Informational,Navigational,Branded,Local",English,"931, 1007, 959, 1008, 1037, 1009, 913, 991, 932, 869, 805, 891, 930, 1005, 958, 1007, 1036, 1008, 912, 990, 931, 868, 804, 891","929, 1005, 958, 1006, 1035, 1008, 912, 990, 931, 868, 804, 890"
39,gemini google usar,es,8,900,0.05,,gemeni,2026-01-28 11:04:53,"Sitelinks,People also ask,AI Overview,Thumbnail,Video preview",5500,101000,101000,2023-12-06,"Informational,Branded,Non-local",Spanish,"175, 244, 126, 220, 114, 157, 139, 174, 257, 268, 264, 450, 340, 435, 434, 437, 445, 442, 644, 2679, 1557, 1055, 1649, 1655","1680, 1727, 1737, 1767, 1824, 1893, 1887, 2089, 1985, 2042, 2088, 2093"
40,google academico españa,es,1,800,,0.1,google académico,2026-01-31 03:39:21,"Sitelinks,People also ask,Video preview",800,4300,144000,2015-10-23,"Informational,Branded,Local",Spanish,"1631, 1363, 1119, 1299, 866, 701, 323, 687, 1083, 1076, 594, 825, 995, 1476, 1038, 1096, 535, 271, 264, 756, 870, 643, 607, 632","721, 933, 768, 760, 575, 459, 429, 570, 903, 876, 602, 628"
41,empezar de cero,es,0,800,0.09,0.61,empezar de cero,2026-01-25 10:18:09,"AI Overview,Thumbnail,People also ask,Video preview",2700,250,450,2015-09-01,"Informational,Non-branded,Non-local",Spanish,"724, 774, 777, 829, 788, 792, 869, 831, 788, 805, 718, 867, 715, 765, 768, 820, 779, 783, 860, 822, 779, 796, 710, 859","706, 756, 759, 811, 770, 774, 851, 813, 770, 788, 701, 850"
42,uned aula virtual,es,5,800,0.02,1.06,uned campus virtual,2026-02-03 12:45:40,"Video preview,People also ask,Sitelinks",900,19000,19000,2015-09-06,"Informational,Navigational,Branded,Non-local",Spanish,"872, 687, 600, 830, 972, 550, 407, 891, 877, 704, 625, 806, 927, 741, 655, 885, 1027, 605, 461, 946, 932, 759, 680, 860","981, 796, 709, 940, 1081, 659, 516, 1001, 986, 814, 735, 915"
43,udemy cursos gratis,es,1,800,0.07,1.26,udemy cursos gratis,2026-02-03 22:34:57,"Sitelinks,People also ask,Video preview",4500,500,2600,2015-09-19,"Informational,Branded,Non-local",Spanish,"1211, 1029, 829, 820, 826, 652, 822, 858, 868, 844, 824, 849, 1036, 1031, 853, 837, 857, 859, 687, 850, 842, 617, 800, 873","857, 973, 1087, 876, 801, 765, 767, 881, 875, 939, 817, 890"
44,proyecto gemini,es,1,800,0.03,0.8,proyecto gemini,2026-01-25 16:11:22,"Thumbnail,People also ask,Sitelinks,Video preview",900,300,300,2015-09-19,"Informational,Non-branded,Non-local",Spanish,"57, 60, 31, 37, 56, 644, 15355, 1589, 713, 481, 512, 808, 2447, 1788, 1088, 578, 347, 303, 456, 343, 431, 961, 477, 514","646, 607, 418, 403, 289, 375, 5985, 561, 4539, 1051, 481, 518"
45,comenzar,es,0,800,0.20,0.51,comenzar,2026-01-24 11:37:38,"AI Overview,Thumbnail,Knowledge card,People also ask,Video preview",8600,100,1900,2015-09-01,"Informational,Non-branded,Non-local",Spanish,"871, 888, 872, 918, 762, 698, 687, 907, 879, 884, 797, 875, 829, 844, 829, 873, 724, 664, 653, 861, 835, 840, 757, 831","787, 801, 787, 828, 687, 629, 619, 816, 791, 795, 717, 787"
46,busqueda por imagen google,es,6,700,0.08,0.24,imágenes,2026-01-31 21:44:19,"People also ask,Video preview",2100,20000,134000,2015-09-20,"Informational,Branded,Non-local",Spanish,"593, 588, 903, 844, 702, 670, 755, 654, 598, 698, 710, 629, 618, 613, 927, 868, 727, 695, 780, 679, 622, 723, 735, 654","642, 638, 952, 893, 751, 720, 805, 704, 647, 748, 760, 679"
47,asistente google,es,19,700,0.10,0.31,ok google,2026-02-01 06:49:11,"Sitelinks,People also ask,Video preview",7400,6400,28000,2015-09-05,"Informational,Branded,Non-local",Spanish,"807, 813, 790, 815, 795, 744, 753, 660, 633, 918, 1073, 1007, 720, 729, 704, 733, 710, 661, 670, 579, 551, 842, 995, 926","643, 652, 628, 658, 636, 587, 597, 508, 481, 768, 919, 852"
48,cero o zero,es,1,600,,0.54,0,2026-01-31 06:45:51,"Featured snippet,People also ask,Sitelinks,Video preview,Thumbnail",2600,400,5100,2015-09-08,"Informational,Non-branded,Non-local",Spanish,"733, 679, 707, 808, 677, 691, 592, 554, 716, 615, 598, 537, 529, 546, 533, 548, 539, 668, 614, 693, 688, 669, 670, 679","649, 666, 667, 719, 670, 659, 635, 658, 694, 672, 672, 681"
49,artificial,es,25,600,0.10,0.3,artificial,2026-01-29 08:35:30,"Knowledge card,People also ask,Top stories,Thumbnail,Video preview",101000,10,200,2015-09-04,"Informational,Non-branded,Non-local",Spanish,"774, 785, 727, 976, 1039, 651, 596, 531, 574, 557, 517, 586, 615, 673, 585, 935, 1037, 571, 538, 492, 563, 545, 498, 574","608, 670, 598, 941, 1043, 587, 551, 501, 570, 555, 511, 591"
50,beca santander erasmus,es,3,600,0.07,1.09,beca santander erasmus,2026-02-04 10:37:25,"People also ask,Video preview",600,2200,2500,2015-10-18,"Informational,Branded,Non-local",Spanish,"1033, 1702, 593, 498, 481, 567, 164, 249, 195, 198, 212, 781, 841, 1352, 1357, 676, 958, 241, 102, 133, 174, 208, 406, 535","851, 1170, 579, 469, 569, 642, 312, 301, 314, 383, 409, 538"
51,cual es el pib de españa,es,16,600,,0.71,pib españa,2026-01-29 12:50:31,"AI Overview,Thumbnail,People also ask,Sitelinks,Video preview",600,16000,17000,2015-09-07,"Informational,Non-branded,Non-local",Spanish,"284, 229, 285, 326, 259, 182, 181, 243, 309, 288, 287, 498, 492, 791, 494, 411, 1482, 431, 436, 442, 657, 504, 464, 566","597, 882, 743, 819, 964, 568, 520, 554, 686, 683, 588, 713"
52,automatizacion de youtube,es,0,600,0.07,,automatizacion de youtube,2026-01-28 06:44:51,"AI Overview,Thumbnail,People also ask,Video preview",700,350,350,2021-07-27,"Informational,Branded,Non-local",Spanish,"2134, 2342, 2030, 2004, 1690, 1335, 1570, 1552, 1291, 848, 543, 1014, 837, 669, 913, 663, 514, 514, 411, 412, 328, 291, 243, 478","295, 270, 292, 214, 168, 175, 210, 239, 322, 229, 200, 435"
53,logo uned,es,0,600,,0.43,uned logo,2026-01-28 03:31:01,"Video preview,Thumbnail",900,200,200,2015-09-06,"Informational,Branded,Non-local",Spanish,"686, 605, 593, 691, 522, 391, 376, 613, 570, 719, 661, 551, 721, 635, 623, 726, 547, 410, 395, 643, 598, 754, 693, 578","755, 665, 652, 760, 573, 430, 413, 673, 625, 789, 725, 605"
54,chat gpt gemini,es,12,600,0.05,,gemeni,2026-02-05 10:49:01,"People also ask,Video preview",15000,103000,103000,2023-12-07,"Informational,Branded,Non-local",English,"70, 167, 165, 255, 212, 206, 171, 263, 327, 404, 321, 325, 394, 596, 476, 591, 585, 396, 382, 737, 871, 1297, 689, 734","813, 1021, 840, 959, 931, 695, 760, 1144, 1169, 1018, 888, 933"
55,codigo postal santander,es,5,600,,0.54,codigo postal santander,2026-02-03 12:43:02,People also ask,900,200,200,2015-09-01,"Informational,Non-branded,Local",Spanish,"608, 603, 573, 577, 639, 650, 590, 625, 583, 616, 604, 569, 588, 583, 554, 557, 616, 628, 570, 603, 562, 595, 583, 549","567, 562, 534, 537, 594, 605, 549, 582, 542, 573, 562, 529"
56,santander teléfono,es,0,500,0.40,0.34,atencion al cliente santander,2026-02-01 07:32:29,"Local pack,People also ask",5400,18000,18000,2015-09-14,"Informational,Branded,Non-local",Spanish,"589, 558, 568, 585, 559, 577, 462, 558, 587, 564, 489, 595, 484, 554, 454, 530, 531, 540, 463, 496, 514, 443, 509, 519","489, 533, 526, 548, 504, 510, 524, 513, 496, 519, 507, 515"
57,sabadell maps,es,0,500,0.04,0.04,sabadell como llegar,2026-01-31 19:15:00,,600,350,350,2015-09-02,"Informational,Non-branded,Local",English,"886, 928, 780, 756, 568, 844, 680, 810, 709, 825, 696, 709, 536, 624, 588, 552, 443, 688, 445, 508, 428, 358, 409, 539","552, 537, 468, 465, 449, 478, 372, 449, 463, 421, 400, 530"
58,curso chatgpt,es,26,500,0.70,,chat gtp,2026-01-25 01:31:35,"AI Overview,Thumbnail,People also ask,Video preview",1600,1300,32000,2022-12-31,"Informational,Branded,Non-local",Spanish,"268, 264, 261, 305, 303, 219, 216, 307, 533, 557, 465, 587, 458, 456, 558, 550, 528, 454, 364, 541, 456, 334, 434, 469","433, 443, 460, 524, 423, 388, 377, 382, 412, 401, 368, 408"
59,catala google,es,8,500,,,google,2026-01-29 13:04:01,"Sitelinks,Video preview",600,540000,540000,2015-09-08,"Informational,Branded,Non-local",Catalan,"808, 786, 801, 1386, 1161, 1157, 816, 734, 882, 853, 712, 776, 784, 898, 632, 640, 408, 189, 178, 396, 333, 492, 360, 368","283, 297, 252, 264, 227, 145, 118, 195, 631, 457, 357, 366"
60,icono excel,es,0,500,,0.25,logo excel,2026-02-02 21:38:25,"Thumbnail,People also ask,Sitelinks,Video preview",2500,300,1500,2015-09-04,"Informational,Branded,Non-local",Spanish,"650, 536, 636, 533, 528, 530, 231, 537, 648, 545, 359, 535, 542, 644, 528, 537, 527, 530, 235, 443, 661, 541, 419, 476","514, 519, 481, 492, 476, 411, 340, 434, 523, 493, 391, 444"
61,poblacion union europea,es,3,500,,0.62,pib paises europeos,2026-02-07 20:14:46,"AI Overview,People also ask,Sitelinks,Video preview",600,500,500,2015-09-01,"Informational,Branded,Non-local",Spanish,"36, 25, 10, 50, 140, 5, 12, 44, 58, 276, 243, 316, 796, 1953, 1168, 398, 229, 300, 265, 317, 139, 121, 245, 246",
62,pika ia,es,12,500,,,pika labs,2026-02-11 15:24:50,"People also ask,Video preview,Thumbnail",9300,5400,295000,2023-09-09,"Informational,Branded,Non-local",Spanish,"360, 246, 228, 139, 32, 115, 124, 62, 228, 192, 494, 614, 893, 502, 259, 562, 458, 447, 420, 291, 468, 413, 583, 489",
63,santander telefono gratis,es,25,450,0.60,0.78,teléfono gratuito banco santander,2026-02-05 01:00:37,"Featured snippet,People also ask,Sitelinks",450,2200,3100,2015-10-09,"Informational,Branded,Non-local",Spanish,"527, 425, 278, 149, 344, 527, 426, 427, 354, 430, 441, 430, 421, 424, 521, 432, 418, 522, 424, 426, 629, 443, 452, 496","474, 495, 529, 517, 475, 848, 606, 519, 514, 456, 459, 502"
64,uned logo,es,0,450,0.60,0.39,uned logo,2026-01-12 06:50:16,"Thumbnail,People also ask,Video preview",700,200,200,2015-09-02,"Informational,Branded,Non-local",Spanish,"360, 538, 446, 541, 378, 236, 164, 354, 629, 633, 502, 421, 412, 611, 584, 511, 417, 243, 164, 361, 625, 541, 448, 423","419, 639, 573, 584, 435, 233, 162, 368, 629, 589, 446, 398"
65,como funciona linkedin,es,1,450,0.07,1.13,como funciona linkedin,2026-01-31 23:12:32,"Featured snippet,People also ask,Sitelinks,Video preview",1300,350,1800,2015-09-02,"Informational,Branded,Non-local",Spanish,"530, 479, 535, 481, 397, 394, 362, 428, 481, 420, 343, 503, 548, 497, 554, 500, 415, 412, 381, 446, 500, 438, 362, 522","567, 516, 573, 519, 435, 432, 401, 466, 519, 458, 382, 542"
66,cual es la universidad mas antigua del mundo,es,0,450,,0.95,primera universidad del mundo,2026-01-02 13:37:06,"People also ask,Sitelinks,Knowledge panel,Video preview",1600,900,2500,2015-11-11,"Informational,Non-branded,Non-local",Spanish,"237, 290, 290, 291, 240, 238, 242, 300, 246, 246, 304, 305, 294, 442, 361, 439, 370, 439, 664, 550, 513, 548, 418, 586","573, 624, 601, 621, 600, 622, 680, 652, 650, 673, 694, 706"
67,vida laboral online gratis,es,13,450,0.15,1.29,vida laboral,2026-01-02 08:09:24,"Sitelinks,People also ask,Video preview",450,1410000,1420000,2016-05-26,"Informational,Non-branded,Non-local",Spanish,"1021, 801, 1047, 805, 644, 550, 423, 514, 608, 524, 331, 622, 469, 512, 411, 594, 488, 488, 326, 491, 490, 406, 328, 444","419, 413, 410, 556, 482, 470, 395, 552, 513, 477, 406, 470"
68,aprender a programar desde cero,es,1,400,0.80,1.17,aprender a programar desde cero,2026-02-12 08:13:52,"AI Overview,Video preview,Thumbnail,Sitelinks,People also ask",1400,300,1400,2015-09-02,"Informational,Non-branded,Non-local",Spanish,"416, 389, 408, 276, 318, 278, 386, 528, 476, 403, 457, 300, 410, 384, 403, 271, 313, 272, 381, 523, 471, 398, 452, 295","405, 379, 398, 266, 308, 267, 376, 518, 466, 393, 447, 290"
69,trabajos para estudiantes sin experiencia,es,0,400,0.04,1.2,trabajo sin experiencia,2026-01-19 04:29:31,"AI Overview,Thumbnail,People also ask,Video preview",900,1400,1400,2015-09-11,"Informational,Non-branded,Non-local",Spanish,"667, 657, 638, 635, 747, 511, 509, 640, 514, 421, 287, 430, 424, 421, 290, 498, 490, 344, 336, 485, 332, 274, 299, 386","359, 366, 326, 373, 446, 394, 369, 473, 393, 354, 313, 405"
70,google aca,es,10,400,,0.01,google academico,2025-12-27 00:17:20,"Sitelinks,People also ask,Video preview",4500,13000,160000,2015-09-01,"Informational,Branded,Non-local",Spanish,"418, 531, 553, 595, 380, 225, 206, 391, 430, 438, 499, 508, 411, 522, 543, 584, 374, 221, 202, 384, 423, 430, 491, 499","404, 513, 534, 574, 367, 217, 199, 378, 415, 423, 482, 491"
71,universidad más antigua del mundo,es,0,400,,1.08,primera universidad del mundo,2026-01-05 09:30:14,"Featured snippet,People also ask,Video preview",900,900,2500,2015-10-12,"Informational,Non-branded,Non-local",Spanish,"297, 295, 293, 288, 236, 239, 244, 303, 302, 297, 245, 242, 196, 367, 243, 297, 295, 243, 553, 562, 550, 680, 400, 463","408, 443, 424, 429, 463, 436, 490, 470, 505, 476, 453, 524"
72,donde esta finlandia,es,0,350,,0.41,finlandia,2026-01-24 01:07:11,"Thumbnail,People also ask,Video preview",700,3400,13000,2015-09-17,"Informational,Non-branded,Non-local",Spanish,"296, 285, 289, 298, 242, 191, 289, 297, 418, 464, 500, 355, 352, 428, 348, 384, 278, 228, 331, 399, 422, 428, 448, 411","392, 403, 390, 408, 355, 330, 355, 393, 439, 491, 478, 441"
73,tecnologia y digitalizacion,es,0,350,0.35,,tecnologia y digitalizacion,2026-01-18 08:19:20,"AI Overview,Thumbnail,People also ask,Video preview",500,200,200,2019-11-18,"Informational,Non-branded,Non-local",Spanish,"275, 253, 152, 241, 373, 279, 161, 1707, 546, 430, 287, 231, 190, 291, 182, 199, 278, 128, 84, 1437, 621, 412, 289, 231","191, 292, 173, 185, 266, 124, 93, 1459, 663, 473, 325, 267"
74,google colombia,es,18,350,,0.12,google colombia,2025-12-28 13:16:00,"Sitelinks,People also ask,Video preview",27000,40,2100,2015-09-01,"Informational,Navigational,Branded,Local",English,"669, 610, 685, 573, 789, 675, 526, 505, 404, 445, 381, 422, 323, 335, 396, 335, 544, 463, 316, 306, 199, 264, 211, 271","178, 201, 270, 217, 436, 362, 220, 218, 116, 187, 138, 204"
75,como se llama la ia de google,es,29,350,0.40,,gemeni,2026-01-22 18:45:25,"AI Overview,Thumbnail,Sitelinks,People also ask,Video preview",900,102000,102000,2020-02-16,"Informational,Non-branded,Non-local",Spanish,"110, 121, 115, 168, 125, 55, 53, 110, 124, 120, 127, 142, 177, 152, 220, 264, 337, 352, 309, 531, 683, 546, 649, 664","760, 651, 690, 903, 844, 690, 605, 697, 712, 617, 736, 751"
76,la universidad mas antigua del mundo,es,0,350,,1.25,universidad mas antigua del mundo,2025-12-29 16:02:22,"Featured snippet,People also ask,Sitelinks,Video preview",1100,700,800,2015-09-28,"Informational,Non-branded,Non-local",Spanish,"296, 358, 362, 357, 247, 296, 243, 361, 299, 302, 300, 311, 252, 370, 367, 369, 304, 297, 368, 367, 358, 454, 370, 376","347, 371, 379, 375, 357, 348, 352, 363, 379, 383, 388, 393"
77,fondo linkedin,es,0,350,1.70,0.72,banner linkedin,2026-01-30 18:55:17,"Thumbnail,Video preview",800,1700,1800,2015-09-03,"Informational,Branded,Non-local",Spanish,"623, 606, 590, 510, 422, 413, 312, 595, 635, 542, 351, 523, 498, 409, 275, 264, 264, 312, 218, 462, 476, 352, 328, 388","415, 415, 385, 380, 341, 317, 291, 406, 434, 400, 328, 387"
78,fundamento,es,0,350,0.60,0.26,fundamento,2026-01-31 02:58:42,"AI Overview,Thumbnail,Knowledge card,People also ask,Video preview",6900,30,500,2015-09-03,"Informational,Non-branded,Non-local",Spanish,"409, 391, 380, 415, 319, 206, 186, 290, 441, 464, 365, 359, 408, 391, 379, 414, 319, 206, 186, 290, 441, 464, 365, 359","408, 390, 379, 414, 319, 206, 186, 289, 441, 464, 365, 359"
79,introduccion de un trabajo,es,0,300,0.07,0.91,introduccion de un trabajo,2025-12-27 05:22:39,"People also ask,Video preview,Thumbnail",3600,200,800,2015-09-13,"Informational,Non-branded,Non-local",Spanish,"341, 337, 413, 506, 237, 64, 41, 115, 271, 437, 361, 350, 340, 336, 412, 505, 237, 64, 41, 115, 270, 436, 360, 349","339, 336, 411, 504, 236, 64, 41, 115, 270, 435, 360, 349"
80,universidad mas antigua de europa,es,0,300,,0.75,universidad mas antigua del mundo,2026-02-12 22:13:55,"People also ask,Sitelinks,Video preview",900,700,900,2015-09-16,"Informational,Non-branded,Non-local",Spanish,"413, 417, 344, 414, 341, 420, 423, 350, 419, 337, 347, 354, 284, 282, 335, 282, 269, 277, 339, 338, 333, 337, 328, 312","250, 294, 293, 311, 264, 328, 313, 307, 307, 280, 307, 291"
81,vida laboral días reales,es,4,300,0.30,,jornadas reales,2026-01-28 09:40:14,"AI Overview,Thumbnail,People also ask,Sitelinks,Video preview",300,6800,7000,2020-07-19,"Informational,Non-branded,Non-local",Spanish,"533, 601, 545, 588, 614, 611, 559, 694, 669, 424, 248, 365, 308, 425, 341, 457, 377, 293, 206, 184, 232, 225, 94, 131","123, 144, 126, 129, 112, 99, 90, 130, 170, 76, 31, 78"
82,fondos de google,es,8,300,0.02,0.19,temas,2026-01-07 06:46:25,"People also ask,Video preview",1100,900,4400,2015-09-01,"Informational,Branded,Non-local",Spanish,"327, 319, 268, 305, 219, 135, 138, 388, 436, 390, 313, 319, 322, 315, 265, 303, 218, 135, 137, 386, 434, 389, 312, 318","322, 314, 264, 302, 217, 134, 137, 386, 434, 389, 312, 318"
83,crear app con ia,es,24,300,1.00,,crear app,2026-01-22 20:07:16,"AI Overview,Thumbnail,Video preview,People also ask",1100,900,1900,2023-01-17,"Informational,Non-branded,Non-local",Spanish,"91, 77, 79, 55, 62, 107, 133, 163, 164, 141, 167, 206, 257, 310, 355, 345, 251, 251, 303, 358, 323, 362, 335, 346","355, 365, 371, 370, 365, 376, 387, 395, 395, 399, 405, 414"
84,españa finlandia,es,0,300,0.05,0.55,españa finlandia,2026-02-13 17:31:32,"People also ask,Thumbnail,Top stories,Video preview",300,600,600,2015-09-05,"Informational,Non-branded,Non-local",Spanish,"45, 35, 46, 74, 229, 11373, 56, 60, 117, 86, 55, 45, 35, 87, 46, 61, 73, 627, 98, 94, 2355, 58, 50, 43",
85,aprender italiano desde cero,es,15,300,0.30,1.21,italiano,2026-01-18 10:37:31,"AI Overview,Thumbnail,People also ask,Video preview",600,1300,3000,2015-09-23,"Informational,Non-branded,Non-local",Spanish,"365, 362, 353, 354, 406, 401, 354, 362, 340, 286, 287, 420, 341, 369, 313, 272, 280, 354, 292, 369, 270, 283, 244, 290","288, 312, 295, 292, 311, 331, 314, 409, 308, 283, 264, 310"
86,conocimientos informaticos,es,0,300,0.01,1.02,conocimientos informaticos,2026-01-15 16:33:28,"AI Overview,Thumbnail,People also ask,Sitelinks,Video preview",600,150,200,2015-09-02,"Informational,Non-branded,Non-local",Spanish,"310, 303, 212, 338, 339, 273, 213, 307, 365, 310, 213, 360, 302, 295, 207, 329, 330, 265, 208, 299, 356, 302, 207, 350","294, 287, 201, 320, 321, 258, 202, 290, 346, 293, 202, 340"
87,cuales son los,es,0,300,,0.1,cuáles son los,2026-01-25 05:50:28,"People also ask,Video preview,Thumbnail",9600,0,90,2015-09-25,"Informational,Non-branded,Non-local",Spanish,"5, 3, 13, 10, 168, 5, 56, 18, 99, 224, 306, 374, 371, 352, 313, 357, 329, 304, 273, 234, 350, 162, 54, 50",
88,google cloud logo,es,6,300,0.03,0.24,google cloud logo,2026-02-08 19:49:59,"People also ask,Thumbnail",13000,70,250,2015-10-08,"Informational,Branded,Non-local",English,"313, 252, 376, 371, 380, 259, 136, 308, 397, 379, 203, 252, 302, 370, 255, 309, 304, 246, 131, 262, 320, 302, 248, 269","307, 305, 293, 321, 315, 273, 226, 295, 312, 313, 261, 282"
89,ia adobe,es,7,300,,,adobe firefly,2025-12-29 18:00:02,"Sitelinks,People also ask,Video preview",2000,12000,15000,2017-11-29,"Informational,Branded,Non-local",Spanish,"386, 327, 490, 589, 346, 356, 285, 529, 624, 540, 439, 462, 442, 412, 322, 316, 210, 178, 112, 210, 233, 262, 245, 248",
90,google maps sabadell,es,0,300,0.25,0.04,sabadell mapa,2026-01-31 20:55:59,People also ask,300,90,90,2015-09-07,"Informational,Navigational,Branded,Local",English,"277, 325, 338, 333, 339, 332, 206, 238, 228, 250, 206, 284, 303, 317, 273, 250, 247, 277, 204, 334, 345, 269, 312, 341","354, 382, 351, 345, 317, 312, 267, 313, 325, 342, 316, 345"
91,uned opiniones,es,0,250,1.00,1.57,uned opiniones,2026-02-11 10:17:59,"Sitelinks,People also ask,Video preview",300,200,200,2015-09-04,"Informational,Branded,Non-local",Spanish,"289, 280, 281, 407, 427, 424, 283, 433, 298, 190, 193, 291, 291, 293, 234, 347, 346, 302, 286, 349, 244, 134, 172, 252","252, 238, 216, 312, 339, 324, 257, 362, 255, 178, 172, 252"
92,grow with google,es,18,250,1.00,0.17,grow,2026-02-02 21:12:23,"Sitelinks,People also ask,Video preview,Thumbnail",4200,150,2900,2017-11-09,"Informational,Branded,Non-local",English,"92, 109, 109, 89, 109, 109, 123, 218, 221, 143, 96, 247, 527, 241, 131, 290, 195, 168, 211, 268, 257, 188, 163, 176","214, 203, 157, 152, 128, 138, 122, 121, 124, 118, 87, 84"
93,poblacion suecia,es,2,250,,0.23,suecia,2026-01-17 15:08:24,"AI Overview,Thumbnail,People also ask,Knowledge panel,Video preview",400,9700,19000,2015-09-11,"Informational,Non-branded,Non-local",Spanish,"268, 335, 350, 398, 330, 312, 446, 230, 299, 269, 259, 237, 237, 293, 236, 395, 186, 277, 292, 271, 227, 178, 227, 182","151, 238, 387, 465, 275, 211, 221, 212, 226, 240, 227, 182"
94,vicepresidenta españa,es,7,250,,0.33,vicepresidenta españa,2025-12-28 10:20:20,"Featured snippet,People also ask,Sitelinks,Video preview",300,80,80,2015-09-11,"Informational,Non-branded,Non-local",Spanish,"140, 160, 858, 225, 757, 595, 248, 223, 272, 314, 171, 197, 194, 269, 579, 339, 261, 172, 178, 237, 261, 193, 216, 252","226, 320, 373, 295, 295, 278, 217, 240, 260, 304, 227, 263"
95,ejercicios python,es,0,250,0.30,1.47,ejercicios python,2026-01-02 05:26:18,"Sitelinks,Video preview",1000,400,1600,2015-09-21,"Informational,Non-branded,Non-local",Spanish,"570, 495, 490, 497, 487, 336, 301, 327, 388, 316, 264, 324, 263, 318, 216, 216, 212, 158, 124, 218, 322, 265, 226, 244","236, 250, 243, 235, 228, 197, 190, 222, 267, 242, 226, 244"
96,google gpt,es,24,250,0.05,0.03,gemini ia,2025-12-31 02:41:15,"People also ask,Sitelinks,Video preview",25000,92000,92000,2015-09-10,"Informational,Branded,Non-local",English,"297, 311, 314, 321, 260, 175, 147, 213, 274, 221, 204, 200, 168, 225, 270, 219, 210, 178, 184, 217, 345, 334, 285, 296","281, 290, 277, 256, 204, 186, 162, 165, 175, 166, 163, 162"
97,google workspace que es,es,3,250,5.00,,google workspace que es,2026-01-07 23:21:29,"AI Overview,Thumbnail,People also ask,Sitelinks,Video preview",1500,250,250,2020-10-13,"Informational,Branded,Non-local",Spanish,"173, 175, 180, 172, 173, 118, 79, 178, 225, 188, 142, 184, 179, 184, 179, 179, 217, 396, 218, 273, 334, 271, 288, 309","311, 319, 322, 331, 346, 347, 330, 356, 379, 374, 365, 385"
98,finlandia mujeres,es,0,250,0.25,0.38,finlandia mujeres,2026-01-01 11:06:26,"People also ask,Video preview",1400,20,70,2015-10-05,"Informational,Non-branded,Non-local",Spanish,"230, 386, 252, 224, 225, 231, 311, 237, 226, 285, 286, 291, 222, 339, 249, 265, 175, 243, 232, 241, 223, 184, 253, 260","232, 280, 251, 253, 237, 242, 262, 245, 245, 272, 269, 276"
99,gmail empresas,es,22,250,2.00,0.1,correo corporativo google,2025-12-28 04:10:56,"People also ask,Sitelinks,Video preview",700,100,100,2015-09-02,"Informational,Commercial,Branded,Non-local",Spanish,"263, 257, 236, 244, 226, 210, 178, 248, 274, 262, 220, 235, 263, 257, 236, 244, 226, 210, 178, 248, 274, 262, 220, 235","263, 257, 236, 244, 226, 210, 178, 248, 274, 262, 220, 235"
100,precio master uned,es,0,250,0.80,1.14,precio master uned,2026-01-06 15:55:51,"People also ask,Video preview",250,400,400,2015-09-01,"Informational,Branded,Non-local",Spanish,"249, 202, 207, 269, 316, 314, 268, 336, 194, 148, 139, 210, 241, 196, 201, 260, 306, 304, 259, 326, 188, 143, 135, 203","233, 190, 194, 252, 296, 294, 251, 315, 182, 138, 131, 196"
101,aprender a estudiar,es,0,250,0.25,1.29,aprende a estudiar,2026-01-13 19:56:55,"AI Overview,Thumbnail,Video preview,People also ask",500,40,40,2015-09-01,"Informational,Non-branded,Non-local",Spanish,"334, 255, 225, 226, 167, 150, 144, 227, 337, 372, 264, 328, 310, 237, 209, 210, 156, 140, 135, 212, 315, 349, 248, 308","291, 223, 197, 198, 147, 132, 127, 201, 298, 331, 235, 292"
102,automatizaciones,es,0,250,0.15,0.83,automatizaciones,2026-02-04 17:40:46,"Local pack,People also ask,Thumbnail,Video preview",1700,100,100,2015-10-15,"Informational,Non-branded,Non-local",Spanish,"117, 97, 119, 114, 103, 85, 66, 115, 125, 95, 108, 154, 153, 188, 200, 152, 144, 201, 175, 403, 652, 423, 269, 340","341, 352, 349, 372, 308, 269, 247, 381, 470, 365, 306, 387"
103,google campus madrid,es,0,250,0.30,0.83,campus google,2026-02-01 13:14:35,"Thumbnail,People also ask,Knowledge panel,Video preview",300,100,100,2015-09-01,"Informational,Branded,Local",English,"263, 286, 228, 265, 244, 146, 123, 259, 319, 221, 173, 221, 263, 286, 228, 265, 244, 146, 123, 258, 319, 221, 173, 221","262, 285, 228, 265, 243, 146, 123, 258, 319, 221, 173, 221"
104,dominio google,es,0,250,2.50,0.19,comprar dominio google,2026-01-30 17:07:30,"People also ask,Sitelinks,Video preview",3500,250,1800,2015-09-09,"Informational,Branded,Non-local",Spanish,"360, 367, 297, 280, 242, 173, 218, 278, 270, 263, 221, 303, 262, 274, 291, 247, 204, 217, 217, 250, 233, 219, 208, 243","227, 241, 254, 231, 190, 178, 179, 202, 214, 208, 179, 209"
105,air europa trabaja con nosotros,es,0,250,0.15,1.32,air europa careers,2025-12-27 18:23:58,Video preview,250,1000,1100,2015-09-17,"Informational,Branded,Non-local",Spanish,"267, 270, 179, 267, 217, 218, 176, 218, 179, 177, 140, 221, 267, 270, 226, 224, 215, 219, 155, 263, 253, 212, 183, 237","234, 239, 217, 228, 232, 219, 218, 272, 222, 204, 185, 240"
106,nadia calviño educación,es,0,250,,0.67,nadia calviño,2026-01-21 04:22:51,"AI Overview,Thumbnail,People also ask,Knowledge panel,Video preview,Sitelinks",250,9700,9700,2018-09-14,"Informational,Non-branded,Non-local",Spanish,"515, 410, 349, 183, 275, 74, 348, 120, 122, 233, 119, 150, 95, 426, 225, 227, 231, 154, 124, 151, 120, 716, 76, 0","0, 338, 6, 0, 0, 62, 0, 76, 0, 255, 371, 0"
107,academy google,es,26,250,0.15,0.1,google academico,2026-02-13 05:47:10,"Sitelinks,People also ask,Video preview",900,12000,155000,2015-09-20,"Informational,Branded,Non-local",English,"278, 284, 273, 269, 227, 199, 185, 228, 266, 272, 244, 226, 267, 273, 262, 257, 216, 187, 174, 217, 255, 261, 233, 215","257, 262, 251, 246, 206, 177, 163, 206, 244, 251, 222, 205"
108,google gemini logo,es,0,250,,,gemini ai,2026-02-06 04:04:18,"Thumbnail,People also ask,Video preview",33000,52000,12470000,2023-06-28,"Informational,Branded,Non-local",English,"283, 150, 120, 145, 115, 82, 68, 96, 119, 108, 85, 113, 167, 180, 160, 153, 173, 227, 205, 313, 282, 301, 307, 298",
109,precios google workspace,es,0,250,1.00,,google workspace precios,2025-12-29 05:52:49,"People also ask,Video preview",800,1800,6800,2020-10-13,"Informational,Commercial,Branded,Non-local",Spanish,"263, 209, 209, 202, 169, 168, 136, 169, 214, 207, 172, 260, 266, 270, 217, 264, 212, 262, 180, 270, 269, 216, 251, 295","297, 288, 273, 280, 263, 265, 255, 297, 299, 301, 285, 329"
110,precio google workspace,es,0,250,1.00,,google workspace precios,2026-01-20 14:36:14,"AI Overview,Thumbnail,People also ask,Video preview",600,1400,4100,2020-10-16,"Informational,Commercial,Branded,Non-local",Spanish,"276, 237, 229, 228, 187, 184, 156, 197, 233, 227, 188, 279, 288, 284, 232, 275, 225, 281, 189, 280, 284, 231, 261, 309","306, 298, 283, 290, 277, 279, 270, 311, 311, 315, 294, 342"
111,mujer geminis,es,0,250,0.03,1.4,mujer geminis,2026-01-08 20:06:24,"AI Overview,People also ask,Video preview,Thumbnail",900,200,600,2015-09-13,"Informational,Non-branded,Non-local",Spanish,"277, 287, 282, 390, 382, 243, 315, 259, 254, 266, 280, 276, 236, 274, 276, 334, 306, 248, 257, 246, 233, 231, 260, 265","256, 272, 272, 303, 284, 243, 253, 256, 250, 254, 260, 265"
112,domestika 24,es,12,250,0.06,,domestico24,2025-12-23 22:27:26,"Sitelinks,People also ask,Video preview",250,42000,42000,2018-12-06,"Informational,Branded,Non-local",Spanish,"284, 280, 288, 286, 289, 329, 185, 344, 304, 292, 169, 277, 334, 358, 238, 249, 232, 246, 202, 239, 237, 227, 175, 213","208, 316, 338, 325, 360, 249, 205, 239, 240, 194, 179, 218"
113,google empresas,es,27,250,1.20,0.04,mi empresa,2025-12-27 15:41:07,"Sitelinks,People also ask,Video preview",2600,7400,23000,2015-09-01,"Informational,Branded,Non-local",Spanish,"300, 296, 274, 281, 259, 235, 201, 279, 312, 300, 250, 276, 300, 296, 274, 281, 259, 235, 201, 279, 312, 300, 250, 275","300, 296, 274, 281, 259, 235, 201, 279, 312, 300, 250, 275"
114,se elemento,es,2,250,,0.1,selenio,2025-12-28 20:30:50,"Featured snippet,People also ask,Video preview",1000,400,1900,2015-10-01,"Informational,Non-branded,Non-local",Spanish,"406, 312, 312, 250, 156, 36, 21, 378, 374, 378, 205, 367, 268, 301, 194, 231, 102, 47, 48, 352, 346, 344, 174, 329","286, 299, 178, 189, 55, 0, 0, 304, 301, 301, 133, 288"
115,david garrido,es,0,200,0.03,0.5,david garrido,2026-01-10 20:04:40,"Thumbnail,People also ask,Video preview",800,30,40,2015-09-02,"Informational,Non-branded,Non-local",,"273, 221, 325, 223, 210, 174, 117, 156, 158, 157, 137, 140, 163, 212, 211, 171, 174, 233, 157, 213, 242, 196, 200, 186","196, 201, 212, 203, 236, 191, 174, 227, 212, 209, 204, 190"
116,email certificado gratis,es,0,200,0.70,1.29,email certificado gratis,2026-01-25 08:22:03,"AI Overview,Thumbnail,Sitelinks,People also ask,Video preview",250,90,90,2016-03-21,"Informational,Non-branded,Non-local",Spanish,"171, 208, 212, 169, 171, 146, 95, 149, 183, 175, 121, 144, 177, 220, 217, 217, 116, 233, 129, 185, 191, 187, 171, 187","191, 209, 205, 196, 188, 180, 174, 184, 207, 199, 182, 199"
117,valencia google maps,es,16,200,0.05,0.04,mapa valencia,2026-01-27 21:19:09,People also ask,450,2800,3000,2015-09-01,"Informational,Navigational,Branded,Local",English,"406, 261, 254, 265, 258, 256, 189, 256, 339, 442, 214, 212, 242, 257, 211, 285, 237, 212, 174, 212, 215, 219, 177, 180","210, 212, 191, 202, 188, 180, 173, 206, 219, 213, 177, 179"
118,ai europa,es,22,200,0.07,0.86,air europa,2026-01-05 11:12:46,"Sitelinks,People also ask,Top stories,Thumbnail,Video preview",600,415000,729000,2015-09-01,"Informational,Commercial,Branded,Non-local",Spanish,"199, 199, 204, 198, 168, 161, 169, 199, 203, 171, 139, 210, 178, 209, 180, 197, 166, 202, 173, 210, 204, 203, 166, 218","190, 207, 181, 191, 203, 204, 183, 207, 203, 202, 167, 218"
119,servicio de inteligencia español,es,15,200,,0.63,cni,2026-01-25 02:15:32,"AI Overview,Thumbnail,People also ask,Sitelinks,Video preview",250,8500,8700,2015-09-08,"Informational,Branded,Non-local",Spanish,"260, 288, 301, 279, 254, 254, 246, 296, 244, 263, 161, 86, 14, 133, 187, 239, 233, 236, 231, 230, 270, 162, 222, 271",
120,chat gmail,es,19,200,0.07,0.29,chat gmail,2025-12-25 12:42:56,"Sitelinks,People also ask,Video preview",2100,70,61000,2015-09-01,"Informational,Branded,Non-local",English,"166, 164, 164, 205, 165, 126, 110, 166, 205, 165, 165, 202, 204, 239, 203, 241, 201, 202, 164, 241, 240, 305, 207, 221","225, 314, 231, 219, 195, 176, 202, 213, 210, 240, 208, 222"
121,como son los géminis mujer,es,0,200,,,mujer geminis,2026-01-18 14:07:09,"AI Overview,People also ask,Sitelinks,Video preview",1000,200,600,2018-03-20,"Informational,Non-branded,Non-local",Spanish,,
122,sofia de suecia joven,es,0,200,,,princesa sofia de suecia,2025-12-30 00:47:20,"People also ask,Thumbnail,Video preview,Sitelinks",400,600,1000,2018-10-03,"Informational,Non-branded,Non-local",Spanish,,
123,becas fundae,es,15,200,2.00,,becas fundae,2026-02-05 13:23:11,"People also ask,Video preview,Sitelinks",200,450,450,2016-12-30,"Informational,Branded,Non-local",Spanish,,
124,zero o cero,es,0,200,,0.49,0,2026-01-27 12:32:45,"AI Overview,Thumbnail,People also ask,Video preview",900,500,5200,2015-09-05,"Informational,Non-branded,Non-local",Spanish,"213, 204, 168, 162, 181, 158, 146, 166, 208, 202, 192, 160, 154, 182, 181, 223, 193, 206, 206, 204, 250, 237, 232, 222","230, 250, 250, 263, 209, 215, 214, 227, 246, 244, 236, 226"
125,te elemento,es,0,200,,0.08,telurio,2026-02-03 15:22:42,"Thumbnail,People also ask,Video preview",500,900,2700,2015-09-19,"Informational,Non-branded,Non-local",Spanish,"293, 192, 195, 190, 97, 31, 26, 268, 265, 218, 137, 200, 198, 278, 172, 177, 86, 24, 18, 329, 352, 267, 157, 250","238, 234, 184, 184, 104, 55, 66, 270, 291, 395, 178, 252"
126,comunicación visual,es,0,200,0.70,0.58,comunicacion visual,2026-02-12 09:18:34,"Thumbnail,People also ask,Sitelinks,Video preview",8400,100,3100,2015-09-13,"Informational,Non-branded,Non-local",Spanish,"159, 153, 183, 157, 117, 60, 48, 164, 240, 194, 102, 148, 217, 180, 172, 187, 102, 140, 111, 301, 248, 249, 153, 159","165, 187, 162, 171, 135, 116, 116, 232, 268, 207, 151, 157"
127,aplicaciones para estudiar gratis,es,0,200,0.25,,aplicaciones para estudiar,2026-02-07 13:23:34,"AI Overview,Thumbnail,People also ask,Video preview,Sitelinks",600,70,80,2020-04-13,"Informational,Non-branded,Non-local",Spanish,"81, 80, 81, 81, 62, 36, 38, 129, 198, 244, 128, 249, 164, 200, 132, 196, 125, 64, 64, 191, 440, 437, 226, 348","261, 297, 228, 292, 220, 161, 164, 295, 544, 441, 325, 447"
128,cómo usar,es,1,200,0.30,0.24,camnvas,2026-02-13 15:30:40,"AI Overview,Thumbnail,Video preview",1800,250,1200,2015-09-14,"Informational,Non-branded,Non-local",Spanish,"233, 270, 236, 542, 241, 191, 206, 168, 173, 161, 175, 213, 184, 192, 198, 204, 177, 187, 192, 202, 199, 237, 199, 227","191, 215, 219, 245, 203, 200, 197, 198, 194, 197, 201, 228"
129,uned trabajo social,es,0,200,0.60,0.98,trabajo social carrera,2026-01-28 12:19:45,"People also ask,Video preview",250,2200,2200,2015-09-01,"Informational,Branded,Non-local",Spanish,"254, 173, 128, 167, 218, 206, 180, 373, 284, 155, 110, 180, 249, 170, 126, 164, 214, 203, 177, 367, 279, 152, 108, 177","245, 168, 124, 161, 211, 200, 175, 362, 276, 150, 107, 175"
130,curso chat gpt,es,26,200,0.90,,chatgpt gratis,2026-01-07 07:24:28,"People also ask,Video preview",700,2400,33000,2023-01-04,"Informational,Branded,Non-local",Spanish,,
131,que es una introducción,es,4,200,,0.92,introducción,2026-01-22 14:06:03,"AI Overview,Thumbnail,Knowledge card,People also ask,Sitelinks,Video preview",14000,400,22000,2015-10-05,"Informational,Non-branded,Non-local",Spanish,,
132,telefono santander gratuito,es,10,200,0.60,0.59,teléfono gratuito banco santander,2026-02-05 12:15:12,"Featured snippet,People also ask,Sitelinks",200,2200,3100,2015-09-03,"Informational,Branded,Non-local",Spanish,"503, 500, 501, 503, 423, 545, 438, 434, 352, 350, 344, 295, 288, 235, 184, 187, 187, 241, 192, 184, 179, 151, 195, 208","202, 216, 219, 207, 200, 207, 196, 200, 177, 210, 196, 209"
133,la grow sabadell,es,0,200,,0.72,grow manresa,2026-02-05 09:29:23,"Thumbnail,People also ask",250,40,40,2015-09-15,"Informational,Commercial,Branded,Local",Spanish,"182, 184, 225, 184, 146, 221, 182, 181, 183, 181, 221, 186, 187, 222, 282, 225, 175, 231, 234, 233, 229, 190, 230, 229","221, 235, 243, 247, 219, 234, 249, 245, 231, 227, 238, 237"
134,que significa sofia,es,0,200,,0.63,qué significa sofía,2026-02-04 09:52:08,"AI Overview,Thumbnail,People also ask,Sitelinks,Video preview",3200,400,7100,2015-09-11,"Informational,Non-branded,Non-local",Spanish,,
135,uned economia,es,0,200,1.40,1.03,uned economia,2025-12-25 00:36:58,"Sitelinks,People also ask,Video preview",250,800,800,2015-09-01,"Informational,Branded,Non-local",Spanish,"149, 124, 100, 124, 152, 212, 222, 294, 224, 153, 184, 224, 223, 192, 141, 162, 208, 196, 195, 282, 216, 99, 147, 160","169, 143, 119, 131, 161, 171, 185, 245, 212, 149, 134, 148"
136,google maps santander,es,6,200,,0.04,santander spain map,2026-02-01 22:43:15,Video preview,250,200,450,2015-09-05,"Informational,Navigational,Branded,Local",English,"191, 178, 188, 186, 214, 239, 240, 210, 181, 164, 150, 159, 191, 178, 188, 186, 214, 239, 240, 210, 181, 164, 150, 159","191, 178, 188, 186, 214, 239, 240, 210, 181, 164, 150, 159"
137,carreras uned,es,13,200,0.70,1.08,carreras uned,2026-02-10 14:33:07,"Sitelinks,People also ask,Video preview",600,250,300,2015-09-01,"Informational,Branded,Non-local",Spanish,"222, 190, 183, 232, 288, 270, 221, 276, 221, 170, 140, 199, 221, 189, 182, 231, 287, 268, 220, 274, 220, 169, 139, 199","220, 189, 181, 231, 286, 268, 219, 274, 219, 169, 139, 198"
138,desde 0,es,0,200,,0.47,jc reyes,2026-02-07 16:03:49,"Video preview,People also ask,Thumbnail",250,5100,5200,2015-11-29,"Informational,Branded,Non-local",Spanish,,
139,ejercicios de inglés online gratis,es,30,200,0.25,,ejercicios ingles,2026-01-02 19:00:05,"Sitelinks,People also ask,Video preview",250,3400,9200,2015-11-12,"Informational,Non-branded,Non-local",Spanish,,
140,master en animacion 3d,es,1,200,3.50,1.28,master en animacion 3d,2026-02-13 12:46:06,Video preview,250,150,150,2015-09-28,"Informational,Non-branded,Non-local",Spanish,,
141,google madrid,es,1,200,0.15,0.43,google empleo,2026-02-03 06:59:42,"Local pack,People also ask,Video preview,Sitelinks",300,350,400,2015-09-02,"Informational,Branded,Local",English,"212, 202, 210, 213, 197, 174, 167, 214, 214, 205, 180, 209, 211, 202, 210, 213, 197, 173, 167, 214, 214, 205, 180, 209","211, 201, 210, 213, 196, 173, 167, 214, 214, 205, 180, 209"
142,cómo son los géminis,es,2,150,0.04,,geminis caracteristicas,2026-02-01 12:09:31,"AI Overview,Thumbnail,People also ask,Video preview",450,2100,19000,2016-05-20,"Informational,Non-branded,Non-local",Spanish,"152, 193, 209, 245, 271, 173, 204, 164, 142, 150, 150, 169, 155, 160, 147, 188, 177, 159, 158, 150, 166, 159, 162, 184","170, 165, 174, 187, 191, 167, 176, 153, 164, 164, 163, 185"
143,sabadell google maps,es,26,150,,0.04,sabadell como llegar,2026-01-29 17:53:27,Local pack,150,350,350,2015-09-07,"Informational,Branded,Local",English,"137, 153, 166, 161, 154, 165, 105, 122, 121, 142, 116, 144, 148, 150, 138, 140, 133, 145, 118, 162, 167, 136, 151, 159","182, 189, 181, 182, 168, 159, 130, 153, 163, 164, 155, 163"
144,universidad de helsinki,es,6,150,0.07,0.56,university of helsinki,2026-02-12 12:27:02,"Sitelinks,People also ask,Knowledge panel",900,300,23000,2015-09-04,"Informational,Branded,Non-local",Spanish,"168, 160, 156, 159, 155, 153, 220, 197, 207, 267, 227, 159, 204, 171, 165, 141, 109, 136, 113, 138, 165, 129, 163, 151","150, 140, 134, 137, 137, 116, 147, 168, 150, 258, 156, 145"
145,cursos gratis udemy,es,9,150,0.07,1.55,udemy cursos gratis,2026-02-05 23:58:48,"Sitelinks,People also ask",500,500,2600,2015-11-10,"Informational,Branded,Non-local",Spanish,"185, 159, 129, 124, 123, 94, 119, 126, 128, 123, 130, 127, 164, 157, 121, 128, 122, 121, 97, 123, 126, 97, 139, 136","129, 141, 156, 127, 113, 108, 116, 128, 136, 152, 141, 138"
146,cursos udemy gratis,es,21,150,0.07,1.68,udemy cursos gratis,2026-02-08 15:59:15,Sitelinks,450,500,2600,2015-09-09,"Informational,Branded,Non-local",Spanish,"194, 163, 136, 147, 132, 96, 125, 126, 127, 128, 124, 135, 165, 167, 125, 123, 118, 121, 96, 121, 123, 96, 122, 133","125, 144, 151, 127, 106, 103, 107, 132, 124, 137, 120, 131"
147,catálogo productos mundo natural,es,0,150,0.09,,mundo natural,2026-01-24 10:17:57,"AI Overview,Thumbnail,People also ask,Sitelinks,Video preview",150,450,500,2020-04-01,"Informational,Commercial,Branded,Non-local",Spanish,"308, 256, 253, 207, 139, 217, 177, 209, 177, 222, 171, 182, 145, 143, 147, 144, 180, 180, 162, 159, 159, 164, 149, 186","172, 171, 162, 172, 158, 165, 151, 145, 148, 150, 138, 174"
148,metodo ia,es,25,90,,,ia,2026-01-31 23:16:53,"Featured snippet,Thumbnail,People also ask",300,10000,110000,2016-03-14,"Informational,Non-branded,Non-local",Spanish,,
149,curso google my business,es,0,80,0.70,,curso google my business,2025-12-22 12:06:52,"Sitelinks,People also ask,Bottom ads",200,30,30,2015-09-21,"Informational,Branded,Non-local",Spanish,,
150,fundamentos de marketing digital google,es,27,60,1.10,,fundamentos de marketing digital,2025-12-29 13:10:02,"Top ads,Sitelinks,People also ask,Video preview,Bottom ads",700,60,600,2018-11-09,"Informational,Branded,Non-local",Spanish,,
151,españa inteligencia artificial,es,2,60,,,inteligencia artificial españa,2025-10-07 13:06:44,"AI Overview,People also ask,Top stories,Thumbnail,Videos,Video preview",80,150,150,2017-11-11,"Informational,Non-branded,Non-local",Spanish,,
152,google my business curso,es,0,60,,,curso google my business,2026-01-01 13:21:17,"Top ads,Sitelinks,Bottom ads,Paid sitelinks",80,30,40,2019-08-04,"Informational,Branded,Non-local",Spanish,,
153,udemy cursos gratuitos,es,0,60,0.30,,udemy cursos gratis,2026-01-24 10:05:06,"Sitelinks,People also ask,Video preview",2700,500,2700,2016-02-22,"Informational,Branded,Non-local",Spanish,,
154,curso de google analytics,es,21,50,1.70,0.96,curso google analytics,2025-12-27 06:14:55,"Top ads,Paid sitelinks,Sitelinks",500,150,450,2015-09-01,"Informational,Branded,Non-local",Spanish,"56, 58, 54, 41, 48, 47, 36, 61, 59, 47, 31, 72, 59, 51, 39, 47, 39, 41, 31, 51, 42, 48, 39, 47","47, 46, 41, 39, 42, 40, 39, 45, 43, 44, 38, 46"
155,elementos de,es,17,50,,0.29,elementos de,2025-12-24 13:54:52,"AI Overview,Thumbnail,People also ask,Video preview",1600,0,70,2015-09-19,"Informational,Non-branded,Non-local",Spanish,,
156,universidad helsinki,es,6,50,0.03,0.76,university of helsinki,2026-02-07 00:58:21,"Sitelinks,People also ask,Knowledge panel",150,300,23000,2015-09-20,"Informational,Branded,Local",Spanish,,
